timestamp,run_id,data_quality,phase,world,start_pos,target_pos,reached_target,travel_time_s,distance_travelled_m,average_speed_m_s,proximity_events,hard_collisions,physics_contacts,near_misses,near_miss_count,replans,replan_count,altitude_stability_std_m,mean_trr_percent,cumulative_coverage_percent,total_steps
20260607_150040,20260607_150040,backfilled,Phase 1 — Single Drone Lawnmower Patrol & Surveillance Baseline,worlds/single_drone_downtown.wbt,"[-40.0, 48.0, 15.0]","[50.0, 48.0, 15.0]",True,8.224,292.699,35.591,219,0,0,,,,,4e-05,0.0,7.5,1029
20260607_150136,20260607_150136,backfilled,Phase 1 — Single Drone Lawnmower Patrol & Surveillance Baseline,worlds/single_drone_downtown.wbt,"[-40.0, 48.0, 15.0]","[50.0, 48.0, 15.0]",True,8.224,292.699,35.591,219,0,0,,,,,4e-05,0.0,7.5,1029
20260607_154029,20260607_154029,backfilled,Phase 1 — Single Drone Lawnmower Patrol & Surveillance Baseline,worlds/single_drone_downtown.wbt,"[-40.0, 48.0, 15.0]","[50.0, 48.0, 15.0]",True,8.224,292.699,35.591,219,0,0,,,,,4e-05,0.0,7.5,1029
20260607_154053,20260607_154053,backfilled,Phase 1 — Single Drone Lawnmower Patrol & Surveillance Baseline,worlds/single_drone_downtown.wbt,"[-40.0, 48.0, 15.0]","[50.0, 48.0, 15.0]",True,8.224,292.699,35.591,219,0,0,,,,,4e-05,0.0,7.5,1029
20260607_154108,20260607_154108,backfilled,Phase 1 — Single Drone Lawnmower Patrol & Surveillance Baseline,worlds/single_drone_downtown.wbt,"[-40.0, 48.0, 15.0]","[50.0, 48.0, 15.0]",True,8.224,292.699,35.591,219,0,0,,,,,4e-05,0.0,7.5,1029
20260607_154130,20260607_154130,backfilled,Phase 1 — Single Drone Lawnmower Patrol & Surveillance Baseline,worlds/single_drone_downtown.wbt,"[-40.0, 48.0, 15.0]","[50.0, 48.0, 15.0]",True,8.224,292.698,35.591,219,0,0,,,,,4e-05,0.0,7.5,1029
20260607_154145,20260607_154145,backfilled,Phase 1 — Single Drone Lawnmower Patrol & Surveillance Baseline,worlds/single_drone_downtown.wbt,"[-40.0, 48.0, 15.0]","[50.0, 48.0, 15.0]",True,8.224,292.699,35.591,219,0,0,,,,,4e-05,0.0,7.5,1029
20260607_160513,20260607_160513,backfilled,Phase 1 — Single Drone Lawnmower Patrol & Surveillance Baseline,worlds/single_drone_downtown.wbt,"[-40.0, 48.0, 15.0]","[50.0, 48.0, 15.0]",True,12.84,423.299,32.967,627,0,0,,,,,3e-05,0.0,9.0,1606
20260607_175757,20260607_175757,backfilled,Phase 1 — Single Drone Lawnmower Patrol & Surveillance Baseline,worlds/single_drone_downtown.wbt,"[-40.0, 48.0, 15.0]","[50.0, 48.0, 15.0]",True,12.84,423.299,32.967,627,0,0,,,,,3e-05,0.0,9.0,1606
20260607_190951,20260607_190951,backfilled,Phase 1 — Single Drone Lawnmower Patrol & Surveillance Baseline,worlds/single_drone_downtown.wbt,"[-40.0, 48.0, 15.0]","[50.0, 48.0, 15.0]",True,37.384,1287.172,34.431,819,0,0,,,,,2e-05,0.27,32.0,4674
20260607_191157,20260607_191157,backfilled,Phase 1 — Single Drone Lawnmower Patrol & Surveillance Baseline,worlds/single_drone_downtown.wbt,"[-40.0, 48.0, 15.0]","[50.0, 48.0, 15.0]",True,37.384,1287.171,34.431,819,0,0,,,,,2e-05,0.27,32.0,4674
20260607_232358,20260607_232358,backfilled,Phase 1 — Single Drone Lawnmower Patrol & Surveillance Baseline,worlds/single_drone_downtown.wbt,"[-40.0, 48.0, 15.0]","[50.0, 48.0, 15.0]",True,37.384,1287.172,34.431,819,0,0,,,,,2e-05,0.27,32.0,4674
20260609_221121,20260609_221121,backfilled,Phase 1 — Single Drone Lawnmower Patrol & Surveillance Baseline,worlds/single_drone_downtown.wbt,"[-40.0, 48.0, 15.0]","[50.0, 48.0, 15.0]",True,53.968,1623.45,30.082,63,0,0,,,,,2e-05,2.23,23.25,6747
20260609_235419,20260609_235419,backfilled,Phase 1 — Single Drone Lawnmower Patrol & Surveillance Baseline,worlds/single_drone_downtown.wbt,"[-40.0, 48.0, 15.0]","[50.0, 48.0, 15.0]",True,52.76,1596.875,30.267,63,0,0,,,,,2e-05,2.28,23.25,6596
20260610_191743,20260610_191743,backfilled,Phase 1 — Single Drone Lawnmower Patrol & Surveillance Baseline,worlds/single_drone_downtown.wbt,"[-40.0, 48.0, 15.0]","[50.0, 48.0, 15.0]",True,48.92,1663.285,34.0,56,0,0,,,,,2e-05,0.55,30.75,6116
20260610_203743,20260610_203743,backfilled,Phase 1 — Single Drone Lawnmower Patrol & Surveillance Baseline,worlds/single_drone_downtown.wbt,"[-40.0, 48.0, 15.0]","[50.0, 48.0, 15.0]",True,48.92,1663.285,34.0,56,0,0,,,,,2e-05,0.55,30.75,6116
20260610_213659,20260610_213659,backfilled,Phase 1 — Single Drone Lawnmower Patrol & Surveillance Baseline,worlds/single_drone_downtown.wbt,"[-40.0, 48.0, 15.0]","[50.0, 48.0, 15.0]",True,48.92,1663.285,34.0,56,46,0,,,,,2e-05,0.55,30.75,6116
20260610_225026,20260610_225026,backfilled,Phase 1 — Single Drone Lawnmower Patrol & Surveillance Baseline,worlds/single_drone_downtown.wbt,"[-40.0, 48.0, 15.0]","[50.0, 48.0, 15.0]",True,46.528,1575.262,33.856,61,46,0,,,,,2e-05,0.66,31.0,5817
20260610_232835,20260610_232835,backfilled,Phase 1 — Single Drone Lawnmower Patrol & Surveillance Baseline,worlds/single_drone_downtown.wbt,"[-40.0, 48.0, 15.0]","[50.0, 48.0, 15.0]",True,46.528,1575.262,33.856,61,46,0,,,,,2e-05,0.66,31.0,5817
20260610_233514,20260610_233514,backfilled,Phase 1 — Single Drone Lawnmower Patrol & Surveillance Baseline,worlds/single_drone_downtown.wbt,"[-40.0, 48.0, 15.0]","[50.0, 48.0, 15.0]",True,46.528,1575.262,33.856,61,46,0,,,,,2e-05,0.66,31.0,5817
20260611_202250,20260611_202250,backfilled,Phase 1 — Single Drone Lawnmower Patrol & Surveillance Baseline,worlds/single_drone_downtown.wbt,"[-40.0, 48.0, 15.0]","[50.0, 48.0, 15.0]",True,46.528,1575.262,33.856,61,46,0,,,,,2e-05,0.66,31.0,5817
20260611_211120,20260611_211120,backfilled,Phase 1 — Single Drone Lawnmower Patrol & Surveillance Baseline,worlds/single_drone_downtown.wbt,"[-40.0, 48.0, 15.0]","[50.0, 48.0, 15.0]",True,51.568,1581.188,30.662,77,46,0,,,,,2e-05,1.71,24.0,6447
20260613_163922,20260613_163922,backfilled,Phase 1  -  Single Drone Lawnmower Patrol & Surveillance Baseline,worlds/single_drone_downtown.wbt,"[-40.0, 48.0, 15.0]","[50.0, 48.0, 15.0]",True,44.232,1371.039,30.997,128,0,0,,,,,2.25281,1.48,24.5,5530
20260613_164552,20260613_164552,backfilled,Phase 1  -  Single Drone Lawnmower Patrol & Surveillance Baseline,worlds/single_drone_downtown.wbt,"[-40.0, 48.0, 15.0]","[50.0, 48.0, 15.0]",True,44.232,1371.039,30.997,128,0,0,,,,,2.25281,1.48,24.5,5530
20260613_171701,20260613_171701,backfilled,Phase 1  -  Single Drone Lawnmower Patrol & Surveillance Baseline,worlds/single_drone_downtown.wbt,"[-40.0, 48.0, 15.0]","[50.0, 48.0, 15.0]",True,44.232,1371.039,30.997,128,0,0,,,,,2.25281,1.48,24.5,5530
20260613_180211,20260613_180211,backfilled,Phase 1  -  Single Drone Lawnmower Patrol & Surveillance Baseline,worlds/single_drone_downtown.wbt,"[-40.0, 48.0, 15.0]","[50.0, 48.0, 15.0]",True,44.232,1371.039,30.997,128,0,0,,,,,2.25281,1.48,24.5,5530
20260613_194347,20260613_194347,backfilled,Phase 1  -  Single Drone Lawnmower Patrol & Surveillance Baseline,worlds/single_drone_downtown.wbt,"[-40.0, 48.0, 15.0]","[50.0, 48.0, 15.0]",True,44.232,1371.039,30.997,128,83,0,,,,,2.25281,1.48,25.0,5530
20260613_195846,20260613_195846,backfilled,Phase 1  -  Single Drone Lawnmower Patrol & Surveillance Baseline,worlds/single_drone_downtown.wbt,"[-40.0, 48.0, 15.0]","[50.0, 48.0, 15.0]",True,44.232,1371.039,30.997,128,83,0,,,,,2.25281,1.48,25.0,5530
20260613_200045,20260613_200045,backfilled,Phase 1  -  Single Drone Lawnmower Patrol & Surveillance Baseline,worlds/single_drone_downtown.wbt,"[-40.0, 48.0, 15.0]","[50.0, 48.0, 15.0]",True,44.232,1371.039,30.997,128,83,0,,,,,2.25281,1.48,25.0,5530
20260613_200244,20260613_200244,backfilled,Phase 1  -  Single Drone Lawnmower Patrol & Surveillance Baseline,worlds/single_drone_downtown.wbt,"[-40.0, 48.0, 15.0]","[50.0, 48.0, 15.0]",True,44.232,1371.039,30.997,128,83,0,,,,,2.25281,1.48,25.0,5530
20260613_200441,20260613_200441,backfilled,Phase 1  -  Single Drone Lawnmower Patrol & Surveillance Baseline,worlds/single_drone_downtown.wbt,"[-40.0, 48.0, 15.0]","[50.0, 48.0, 15.0]",True,44.232,1371.039,30.997,128,83,0,,,,,2.25281,1.48,25.0,5530
20260613_203425,20260613_203425,measured,Phase 1  -  Single Drone Lawnmower Patrol & Surveillance Baseline,worlds/single_drone_downtown.wbt,"[-40.0, 48.0, 15.0]","[50.0, 48.0, 15.0]",True,44.232,1371.039,30.997,128,83,0,835,835,8,8,2.25281,1.48,25.0,5530
20260616_215939,20260616_215939,measured,Phase 1  -  Single Drone Lawnmower Patrol & Surveillance Baseline,worlds/single_drone_downtown.wbt,"[-40.0, 48.0, 15.0]","[50.0, 48.0, 15.0]",True,39.896,1245.739,31.225,114,83,0,545,545,7,7,2.36576,1.21,24.5,4988
20260616_220616,20260616_220616,measured,Phase 1  -  Single Drone Lawnmower Patrol & Surveillance Baseline,worlds/single_drone_downtown.wbt,"[-40.0, 48.0, 15.0]","[50.0, 48.0, 15.0]",True,39.896,1245.739,31.225,114,83,0,545,545,7,7,2.36576,1.21,24.5,4988
20260616_220826,20260616_220826,measured,Phase 1  -  Single Drone Lawnmower Patrol & Surveillance Baseline,worlds/single_drone_downtown.wbt,"[-40.0, 48.0, 15.0]","[50.0, 48.0, 15.0]",True,44.232,1371.039,30.997,128,83,0,835,835,8,8,2.25281,1.48,25.0,5530
20260616_221030,20260616_221030,measured,Phase 1  -  Single Drone Lawnmower Patrol & Surveillance Baseline,worlds/single_drone_downtown.wbt,"[-40.0, 48.0, 15.0]","[50.0, 48.0, 15.0]",True,44.232,1371.039,30.997,128,83,0,835,835,8,8,2.25281,1.48,25.0,5530
20260616_221216,20260616_221216,measured,Phase 1  -  Single Drone Lawnmower Patrol & Surveillance Baseline,worlds/single_drone_downtown.wbt,"[-40.0, 48.0, 15.0]","[50.0, 48.0, 15.0]",True,44.232,1371.039,30.997,128,83,0,835,835,8,8,2.25281,1.48,25.0,5530
20260616_221403,20260616_221403,measured,Phase 1  -  Single Drone Lawnmower Patrol & Surveillance Baseline,worlds/single_drone_downtown.wbt,"[-40.0, 48.0, 15.0]","[50.0, 48.0, 15.0]",True,44.232,1371.039,30.997,128,83,0,835,835,8,8,2.25281,1.48,25.0,5530
20260616_221551,20260616_221551,measured,Phase 1  -  Single Drone Lawnmower Patrol & Surveillance Baseline,worlds/single_drone_downtown.wbt,"[-40.0, 48.0, 15.0]","[50.0, 48.0, 15.0]",True,44.232,1371.039,30.997,128,83,0,835,835,8,8,2.25281,1.48,25.0,5530
20260617_231049,20260617_231049,measured,Phase 1  -  Single Drone Lawnmower Patrol & Surveillance Baseline,worlds/single_drone_downtown.wbt,"[-40.0, 48.0, 15.0]","[50.0, 48.0, 15.0]",True,43.648,1364.792,31.268,116,85,0,807,807,15,15,2.26714,0.3,25.0,5457
20260617_231423,20260617_231423,measured,Phase 1  -  Single Drone Lawnmower Patrol & Surveillance Baseline,worlds/single_drone_downtown.wbt,"[-40.0, 48.0, 15.0]","[50.0, 48.0, 15.0]",True,43.648,1364.792,31.268,116,85,0,807,807,15,15,2.26714,0.3,25.0,5457
20260618_000126,20260618_000126,measured,Phase 1  -  Single Drone Lawnmower Patrol & Surveillance Baseline,worlds/single_drone_downtown.wbt,"[-40.0, 48.0, 15.0]","[50.0, 48.0, 15.0]",True,44.232,1371.039,30.997,128,83,0,835,835,8,8,2.25281,1.48,25.0,5530
20260618_002616,20260618_002616,measured,Phase 1  -  Single Drone Lawnmower Patrol & Surveillance Baseline,worlds/single_drone_downtown.wbt,"[-40.0, 48.0, 15.0]","[50.0, 48.0, 15.0]",True,43.648,1364.792,31.268,116,85,0,807,807,15,15,2.26714,0.3,25.0,5457
20260620_234809,20260620_234809,measured,Phase 1  -  Single Drone Lawnmower Patrol & Surveillance Baseline,worlds/single_drone_downtown.wbt,"[-40.0, 48.0, 15.0]","[50.0, 48.0, 15.0]",True,45.56,1472.825,32.327,86,0,0,0,0,1,1,2.56871,0.47,33.25,5696
20260620_235208,20260620_235208,measured,Phase 1  -  Single Drone Lawnmower Patrol & Surveillance Baseline,worlds/single_drone_downtown.wbt,"[-40.0, 48.0, 15.0]","[50.0, 48.0, 15.0]",False,95.992,1523.375,15.87,104,0,0,54,54,1,1,2.23317,0.1,16.25,12000
20260621_000117,20260621_000117,measured,Phase 1  -  Single Drone Lawnmower Patrol & Surveillance Baseline,worlds/single_drone_downtown.wbt,"[-40.0, 48.0, 15.0]","[50.0, 48.0, 15.0]",True,37.792,1227.837,32.489,189,0,0,52,52,2,2,2.43513,0.34,31.25,4725
20261006_124918,20261006_124918,measured,Phase 1  -  Single Drone Lawnmower Patrol & Surveillance Baseline,worlds/single_drone_downtown.wbt,"[-40.0, 48.0, 15.0]","[50.0, 48.0, 15.0]",True,37.792,1227.837,32.489,189,0,0,52,52,2,2,2.43513,0.34,31.25,4725
20261006_125226,20261006_125226,measured,Phase 1  -  Single Drone Lawnmower Patrol & Surveillance Baseline,worlds/single_drone_downtown.wbt,"[-40.0, 48.0, 15.0]","[50.0, 48.0, 15.0]",True,37.792,1227.837,32.489,189,0,0,52,52,2,2,2.43513,0.34,31.25,4725
20261006_125401,20261006_125401,measured,Phase 1  -  Single Drone Lawnmower Patrol & Surveillance Baseline,worlds/single_drone_downtown.wbt,"[-40.0, 48.0, 15.0]","[50.0, 48.0, 15.0]",True,37.792,1227.837,32.489,189,0,0,52,52,2,2,2.43513,0.34,31.25,4725
20261006_141218,20261006_141218,measured,Phase 1  -  Single Drone Lawnmower Patrol & Surveillance Baseline,worlds/single_drone_downtown.wbt,"[-40.0, -10.0, 15.0]","[40.0, 40.0, 15.0]",True,5.328,125.175,23.494,0,0,0,0,0,1,1,5.2216,0.0,3.25,667
20261006_141453,20261006_141453,measured,Phase 1  -  Single Drone Lawnmower Patrol & Surveillance Baseline,worlds/single_drone_downtown.wbt,"[-40.0, -10.0, 15.0]","[40.0, 40.0, 15.0]",True,5.344,125.262,23.44,0,0,0,0,0,1,1,5.2187,0.0,3.25,669
20261006_141513,20261006_141513,measured,Phase 1  -  Single Drone Lawnmower Patrol & Surveillance Baseline,worlds/single_drone_downtown.wbt,"[-40.0, -10.0, 15.0]","[40.0, 40.0, 15.0]",True,5.344,125.262,23.44,0,0,0,0,0,1,1,5.2187,0.0,3.25,669
20261006_141533,20261006_141533,measured,Phase 1  -  Single Drone Lawnmower Patrol & Surveillance Baseline,worlds/single_drone_downtown.wbt,"[-40.0, -10.0, 15.0]","[40.0, 40.0, 15.0]",True,5.328,125.175,23.494,0,0,0,0,0,1,1,5.2216,0.0,3.25,667
20261006_141552,20261006_141552,measured,Phase 1  -  Single Drone Lawnmower Patrol & Surveillance Baseline,worlds/single_drone_downtown.wbt,"[-40.0, -10.0, 15.0]","[40.0, 40.0, 15.0]",True,5.328,125.175,23.494,0,0,0,0,0,1,1,5.2216,0.0,3.25,667
20261006_142612,20261006_142612,measured,Phase 1  -  Single Drone Lawnmower Patrol & Surveillance Baseline,worlds/single_drone_downtown.wbt,"[-40.0, -10.0, 15.0]","[40.0, 40.0, 15.0]",True,5.344,125.262,23.44,0,0,0,0,0,1,1,5.2187,0.0,3.25,669
20261006_142624,20261006_142624,measured,Phase 1  -  Single Drone Lawnmower Patrol & Surveillance Baseline,worlds/single_drone_downtown.wbt,"[-40.0, -10.0, 15.0]","[40.0, 40.0, 15.0]",True,5.344,125.262,23.44,0,0,0,0,0,1,1,5.2187,0.0,3.25,669
20261006_142636,20261006_142636,measured,Phase 1  -  Single Drone Lawnmower Patrol & Surveillance Baseline,worlds/single_drone_downtown.wbt,"[-40.0, -10.0, 15.0]","[40.0, 40.0, 15.0]",True,5.344,125.262,23.44,0,0,0,0,0,1,1,5.2187,0.0,3.25,669
20261006_142928,20261006_142928,measured,Phase 1  -  Single Drone Lawnmower Patrol & Surveillance Baseline,worlds/single_drone_downtown.wbt,"[-40.0, -10.0, 15.0]","[40.0, 40.0, 15.0]",True,5.344,125.262,23.44,0,0,0,0,0,1,1,5.2187,0.0,3.25,669
20261006_142951,20261006_142951,measured,Phase 1  -  Single Drone Lawnmower Patrol & Surveillance Baseline,worlds/single_drone_downtown.wbt,"[-40.0, -10.0, 15.0]","[40.0, 40.0, 15.0]",True,5.344,125.262,23.44,0,0,0,0,0,1,1,5.2187,0.0,3.25,669
20261006_143416,20261006_143416,measured,Phase 1  -  Single Drone Lawnmower Patrol & Surveillance Baseline,worlds/single_drone_downtown.wbt,"[-40.0, -40.0, 15.0]","[40.0, 40.0, 15.0]",True,29.856,156.803,5.252,69,0,0,0,0,1,1,2.71811,0.0,3.75,3733
20261006_143505,20261006_143505,measured,Phase 1  -  Single Drone Lawnmower Patrol & Surveillance Baseline,worlds/single_drone_downtown.wbt,"[-40.0, -40.0, 15.0]","[40.0, 40.0, 15.0]",True,29.856,156.803,5.252,69,0,0,0,0,1,1,2.71811,0.0,3.75,3733
20261006_143555,20261006_143555,measured,Phase 1  -  Single Drone Lawnmower Patrol & Surveillance Baseline,worlds/single_drone_downtown.wbt,"[-40.0, -40.0, 15.0]","[40.0, 40.0, 15.0]",True,30.48,162.289,5.324,0,0,0,0,0,1,1,2.6922,0.0,3.75,3811
20261006_143644,20261006_143644,measured,Phase 1  -  Single Drone Lawnmower Patrol & Surveillance Baseline,worlds/single_drone_downtown.wbt,"[-40.0, -40.0, 15.0]","[40.0, 40.0, 15.0]",True,30.248,158.552,5.242,0,0,0,0,0,1,1,2.70175,0.0,3.75,3782
20261006_143933,20261006_143933,measured,Phase 1  -  Single Drone Lawnmower Patrol & Surveillance Baseline,worlds/single_drone_downtown.wbt,"[-40.0, -40.0, 15.0]","[40.0, 40.0, 15.0]",True,29.856,156.803,5.252,69,0,0,0,0,1,1,2.71811,0.0,3.75,3733
20261006_144009,20261006_144009,measured,Phase 1  -  Single Drone Lawnmower Patrol & Surveillance Baseline,worlds/single_drone_downtown.wbt,"[-40.0, -40.0, 15.0]","[40.0, 40.0, 15.0]",True,29.856,156.803,5.252,69,0,0,0,0,1,1,2.71811,0.0,3.75,3733
20261006_144136,20261006_144136,measured,Phase 1  -  Single Drone Lawnmower Patrol & Surveillance Baseline,worlds/single_drone_downtown.wbt,"[-40.0, -40.0, 15.0]","[40.0, 40.0, 15.0]",True,29.856,156.803,5.252,69,0,0,0,0,1,1,2.71811,0.0,3.75,3733
20261006_145144,20261006_145144,measured,Phase 1  -  Single Drone Lawnmower Patrol & Surveillance Baseline,worlds/single_drone_downtown.wbt,"[-40.0, -40.0, 15.0]","[40.0, 40.0, 15.0]",True,19.584,107.977,5.514,23,0,0,0,0,1,1,3.28957,0.0,2.5,2449
20261006_145219,20261006_145219,measured,Phase 1  -  Single Drone Lawnmower Patrol & Surveillance Baseline,worlds/single_drone_downtown.wbt,"[-40.0, -40.0, 15.0]","[40.0, 40.0, 15.0]",True,28.304,150.697,5.324,0,0,0,0,0,1,1,2.7859,0.0,4.0,3539
20261006_145255,20261006_145255,measured,Phase 1  -  Single Drone Lawnmower Patrol & Surveillance Baseline,worlds/single_drone_downtown.wbt,"[-40.0, -40.0, 15.0]","[40.0, 40.0, 15.0]",True,28.264,151.642,5.365,51,0,0,0,0,1,1,2.78772,0.0,3.75,3534
20261006_145331,20261006_145331,measured,Phase 1  -  Single Drone Lawnmower Patrol & Surveillance Baseline,worlds/single_drone_downtown.wbt,"[-40.0, -40.0, 15.0]","[40.0, 40.0, 15.0]",True,28.696,154.501,5.384,0,0,0,0,0,1,1,2.76831,0.0,3.75,3588
20261006_145654,20261006_145654,measured,Phase 1  -  Single Drone Lawnmower Patrol & Surveillance Baseline,worlds/single_drone_downtown.wbt,"[-40.0, -40.0, 15.0]","[40.0, 40.0, 15.0]",True,19.584,107.977,5.514,23,0,0,0,0,1,1,3.28957,0.0,2.5,2449
20261006_145719,20261006_145719,measured,Phase 1  -  Single Drone Lawnmower Patrol & Surveillance Baseline,worlds/single_drone_downtown.wbt,"[-40.0, -40.0, 15.0]","[40.0, 40.0, 15.0]",True,19.584,107.977,5.514,23,0,0,0,0,1,1,3.28957,0.0,2.5,2449
20261006_145750,20261006_145750,measured,Phase 1  -  Single Drone Lawnmower Patrol & Surveillance Baseline,worlds/single_drone_downtown.wbt,"[-40.0, -40.0, 15.0]","[40.0, 40.0, 15.0]",True,19.584,107.977,5.514,23,0,0,0,0,1,1,3.28957,0.0,2.5,2449
20261006_145841,20261006_145841,measured,Phase 1  -  Single Drone Lawnmower Patrol & Surveillance Baseline,worlds/single_drone_downtown.wbt,"[-40.0, -40.0, 15.0]","[40.0, 40.0, 15.0]",True,19.584,107.977,5.514,23,0,0,0,0,1,1,3.28957,0.0,2.5,2449
20261006_145936,20261006_145936,measured,Phase 1  -  Single Drone Lawnmower Patrol & Surveillance Baseline,worlds/single_drone_downtown.wbt,"[-40.0, -40.0, 15.0]","[40.0, 40.0, 15.0]",True,19.584,107.976,5.514,23,0,0,0,0,1,1,3.28957,0.0,2.5,2449
20261006_201347,20261006_201347,measured,Phase 1  -  Single Drone Lawnmower Patrol & Surveillance Baseline,worlds/single_drone_downtown.wbt,"[-40.0, -40.0, 15.0]","[40.0, 40.0, 15.0]",True,19.584,107.977,5.514,23,0,0,0,0,1,1,3.28957,0.0,2.5,2449
20261006_201426,20261006_201426,measured,Phase 1  -  Single Drone Lawnmower Patrol & Surveillance Baseline,worlds/single_drone_downtown.wbt,"[-40.0, -40.0, 15.0]","[40.0, 40.0, 15.0]",True,19.584,107.977,5.514,23,0,0,0,0,1,1,3.28957,0.0,2.5,2449
